{
  "total": 197,
  "p1_count": 82,
  "p2_count": 98,
  "p3_count": 17,
  "controls": [
    {
      "page": 13,
      "line": 7,
      "text": " Priority 1 (P1): Required specifications that must first be implemented as foundational",
      "domain": "Data Security and Protection",
      "priority": "P1"
    },
    {
      "page": 13,
      "line": 10,
      "text": " Priority 2 (P2): Required specifications that should be implemented to improve data",
      "domain": "Data Security and Protection",
      "priority": "P2"
    },
    {
      "page": 13,
      "line": 13,
      "text": " Priority 3 (P3): Required specifications that should be implemented to further advance the",
      "domain": "Data Security and Protection",
      "priority": "P3"
    },
    {
      "page": 13,
      "line": 21,
      "text": "P1 P2 P3",
      "domain": "Data Security and Protection",
      "priority": "P1"
    },
    {
      "page": 14,
      "line": 15,
      "text": "1. The end of Year 1 – all specifications with Priority 1 (P1) are implemented",
      "domain": "Data Security and Protection",
      "priority": "P1"
    },
    {
      "page": 14,
      "line": 16,
      "text": "2. The end of Year 2 – all specifications with Priority 1 and 2 (P1 and P2) are implemented",
      "domain": "Data Security and Protection",
      "priority": "P1"
    },
    {
      "page": 14,
      "line": 17,
      "text": "3. The end of Year 3 – all specifications with Priority 1, 2 and 3 (P1, P2 and P3) are",
      "domain": "Data Security and Protection",
      "priority": "P1"
    },
    {
      "page": 16,
      "line": 25,
      "text": "DG.1.1 business strategy as well as external P1",
      "domain": "Data Governance",
      "priority": "P1"
    },
    {
      "page": 17,
      "line": 13,
      "text": "Adoption of the National Data Management P1",
      "domain": "Data Governance",
      "priority": "P1"
    },
    {
      "page": 17,
      "line": 34,
      "text": "DG.1.3 P1",
      "domain": "Data Governance",
      "priority": "P1"
    },
    {
      "page": 18,
      "line": 6,
      "text": "Approval and senior level executives within the Entity. The P1",
      "domain": "Data Governance",
      "priority": "P1"
    },
    {
      "page": 19,
      "line": 25,
      "text": "DG.2.1 related standards and policies currently P1",
      "domain": "Data Governance",
      "priority": "P1"
    },
    {
      "page": 19,
      "line": 46,
      "text": "DG.2.2 Personal Data P1",
      "domain": "Data Governance",
      "priority": "P1"
    },
    {
      "page": 21,
      "line": 22,
      "text": "Personal Entity P1",
      "domain": "Data Governance",
      "priority": "P1"
    },
    {
      "page": 22,
      "line": 15,
      "text": "DG.4.1 Management P1",
      "domain": "Data Governance",
      "priority": "P1"
    },
    {
      "page": 22,
      "line": 24,
      "text": "DG.4.2 Management P1",
      "domain": "Data Governance",
      "priority": "P1"
    },
    {
      "page": 22,
      "line": 33,
      "text": "DG.4.3 Officer's (CDO) responsibilities shall be P1",
      "domain": "Data Governance",
      "priority": "P1"
    },
    {
      "page": 22,
      "line": 41,
      "text": "DG.4.4 Governance Officer's responsibilities shall be highlighted in a P1",
      "domain": "Data Governance",
      "priority": "P1"
    },
    {
      "page": 22,
      "line": 48,
      "text": "DG.4.5 and P1",
      "domain": "Data Governance",
      "priority": "P1"
    },
    {
      "page": 23,
      "line": 8,
      "text": "DG.4.6 P1",
      "domain": "Data Governance",
      "priority": "P1"
    },
    {
      "page": 23,
      "line": 18,
      "text": "DG.4.7 Data Protection Officer's responsibilities shall be P1",
      "domain": "Data Governance",
      "priority": "P1"
    },
    {
      "page": 23,
      "line": 27,
      "text": "DG.4.8 Data The Business Data Executive's responsibilities P1",
      "domain": "Data Governance",
      "priority": "P1"
    },
    {
      "page": 23,
      "line": 34,
      "text": "DG.4.9 Data Data Steward responsibilities shall be highlighted P1",
      "domain": "Data Governance",
      "priority": "P1"
    },
    {
      "page": 23,
      "line": 42,
      "text": "DG.4.10 Steward responsibilities shall be highlighted in a P1",
      "domain": "Data Governance",
      "priority": "P1"
    },
    {
      "page": 24,
      "line": 4,
      "text": "DG.4.11 P1",
      "domain": "Data Governance",
      "priority": "P1"
    },
    {
      "page": 25,
      "line": 19,
      "text": "DG.5.1 compliance audits P2",
      "domain": "Data Governance",
      "priority": "P2"
    },
    {
      "page": 25,
      "line": 35,
      "text": "DG.5.2 Audit 2. Clearly articulated findings with supporting P2",
      "domain": "Data Governance",
      "priority": "P2"
    },
    {
      "page": 25,
      "line": 45,
      "text": "DG.5.3 P2",
      "domain": "Data Governance",
      "priority": "P2"
    },
    {
      "page": 27,
      "line": 14,
      "text": "DG.6.1 Periodic Plan P2",
      "domain": "Data Governance",
      "priority": "P2"
    },
    {
      "page": 27,
      "line": 29,
      "text": "DG.6.2 Communications P2",
      "domain": "Data Governance",
      "priority": "P2"
    },
    {
      "page": 29,
      "line": 20,
      "text": "DG.7.1 Governance P2",
      "domain": "Data Governance",
      "priority": "P2"
    },
    {
      "page": 29,
      "line": 34,
      "text": "DG.7.2 P2",
      "domain": "Data Governance",
      "priority": "P2"
    },
    {
      "page": 30,
      "line": 15,
      "text": "DG.8.1 approved data governance decisions along with P2",
      "domain": "Data Governance",
      "priority": "P2"
    },
    {
      "page": 30,
      "line": 23,
      "text": "DG.8.2 Issue P3",
      "domain": "Data Governance",
      "priority": "P3"
    },
    {
      "page": 30,
      "line": 30,
      "text": "DG.8.3 control for data management documents and P2",
      "domain": "Data Governance",
      "priority": "P2"
    },
    {
      "page": 33,
      "line": 17,
      "text": "MCM.1.1 P1",
      "domain": "Data Catalog and Metadata",
      "priority": "P1"
    },
    {
      "page": 33,
      "line": 29,
      "text": "MCM.1.2 Sources P1",
      "domain": "Data Catalog and Metadata",
      "priority": "P1"
    },
    {
      "page": 34,
      "line": 9,
      "text": "MCM.1.3 P1",
      "domain": "Data Catalog and Metadata",
      "priority": "P1"
    },
    {
      "page": 35,
      "line": 12,
      "text": "MCM.2.1 process for the approval of connecting the Data P2",
      "domain": "Data Catalog and Metadata",
      "priority": "P2"
    },
    {
      "page": 35,
      "line": 21,
      "text": "MCM.2.2 Access access groups (for example read only, read and P2",
      "domain": "Data Catalog and Metadata",
      "priority": "P2"
    },
    {
      "page": 36,
      "line": 14,
      "text": "MCM.3.1 P2",
      "domain": "Data Catalog and Metadata",
      "priority": "P2"
    },
    {
      "page": 36,
      "line": 27,
      "text": "MCM.3.2 Adoption current Data Catalog power users and P3",
      "domain": "Data Catalog and Metadata",
      "priority": "P3"
    },
    {
      "page": 37,
      "line": 14,
      "text": "MCM.4.1 Stewardship Data Stewards assigned to the Metadata shall be P2",
      "domain": "Data Catalog and Metadata",
      "priority": "P2"
    },
    {
      "page": 37,
      "line": 23,
      "text": "MCM.4.2 shall be implemented as a workflow in the Data P2",
      "domain": "Data Catalog and Metadata",
      "priority": "P2"
    },
    {
      "page": 37,
      "line": 33,
      "text": "MCM.4.3 Metadata attributes that are required to be P1",
      "domain": "Data Catalog and Metadata",
      "priority": "P1"
    },
    {
      "page": 37,
      "line": 42,
      "text": "MCM.4.4 P2",
      "domain": "Data Catalog and Metadata",
      "priority": "P2"
    },
    {
      "page": 38,
      "line": 7,
      "text": "MCM.4.5 development of remediation actions within P1",
      "domain": "Data Catalog and Metadata",
      "priority": "P1"
    },
    {
      "page": 38,
      "line": 18,
      "text": "MCM.4.6 within the Data Catalog. The process shall be P3",
      "domain": "Data Catalog and Metadata",
      "priority": "P3"
    },
    {
      "page": 38,
      "line": 27,
      "text": "MCM.4.7 Catalog. The process shall be implemented as a P2",
      "domain": "Data Catalog and Metadata",
      "priority": "P2"
    },
    {
      "page": 39,
      "line": 14,
      "text": "MCM.5.1 Automated Entity's Metadata management. The P2",
      "domain": "Data Catalog and Metadata",
      "priority": "P2"
    },
    {
      "page": 39,
      "line": 20,
      "text": "MCM.5.2 and Catalog within the Data Catalog automated tool, to keep P2",
      "domain": "Data Catalog and Metadata",
      "priority": "P2"
    },
    {
      "page": 39,
      "line": 26,
      "text": "MCM.5.3 and Catalog Monitoring shall include information about users’ P2",
      "domain": "Data Catalog and Metadata",
      "priority": "P2"
    },
    {
      "page": 39,
      "line": 34,
      "text": "MCM.5.4 P2",
      "domain": "Data Catalog and Metadata",
      "priority": "P2"
    },
    {
      "page": 41,
      "line": 18,
      "text": "MCM.6.1 3. Number of logins to Data Catalog P2",
      "domain": "Data Catalog and Metadata",
      "priority": "P2"
    },
    {
      "page": 41,
      "line": 32,
      "text": "MCM.6.2 glossaries and data dictionaries are P2",
      "domain": "Data Catalog and Metadata",
      "priority": "P2"
    },
    {
      "page": 44,
      "line": 16,
      "text": "DQ.1.1 be a ranked list of data to be followed when P1",
      "domain": "Data Quality",
      "priority": "P1"
    },
    {
      "page": 44,
      "line": 29,
      "text": "P1",
      "domain": "Data Quality",
      "priority": "P1"
    },
    {
      "page": 44,
      "line": 41,
      "text": "Quality P1",
      "domain": "Data Quality",
      "priority": "P1"
    },
    {
      "page": 46,
      "line": 26,
      "text": "DQ.2.1 Rules P2",
      "domain": "Data Quality",
      "priority": "P2"
    },
    {
      "page": 47,
      "line": 16,
      "text": "P2",
      "domain": "Data Quality",
      "priority": "P2"
    },
    {
      "page": 47,
      "line": 37,
      "text": "DQ.2.3 Issues 1c. Definition of the options for resolving the P2",
      "domain": "Data Quality",
      "priority": "P2"
    },
    {
      "page": 48,
      "line": 9,
      "text": "DQ.2.4 P2",
      "domain": "Data Quality",
      "priority": "P2"
    },
    {
      "page": 48,
      "line": 26,
      "text": "DQ.2.5 P2",
      "domain": "Data Quality",
      "priority": "P2"
    },
    {
      "page": 49,
      "line": 15,
      "text": "DQ.3.1 P2",
      "domain": "Data Quality",
      "priority": "P2"
    },
    {
      "page": 49,
      "line": 28,
      "text": "Issues reported Data Quality issues P2",
      "domain": "Data Quality",
      "priority": "P2"
    },
    {
      "page": 51,
      "line": 16,
      "text": "DQ.4.1 P2",
      "domain": "Data Quality",
      "priority": "P2"
    },
    {
      "page": 51,
      "line": 26,
      "text": "DQ.4.2 process shall be implemented as a workflow in the P3",
      "domain": "Data Quality",
      "priority": "P3"
    },
    {
      "page": 51,
      "line": 35,
      "text": "DQ.4.3 automated tool. The population of the metadata P3",
      "domain": "Data Quality",
      "priority": "P3"
    },
    {
      "page": 55,
      "line": 19,
      "text": "DO.1.1 Operations P1",
      "domain": "Data Operations",
      "priority": "P1"
    },
    {
      "page": 55,
      "line": 34,
      "text": "DO.1.2 P2",
      "domain": "Data Operations",
      "priority": "P2"
    },
    {
      "page": 56,
      "line": 8,
      "text": "DO.1.3 Systems P1",
      "domain": "Data Operations",
      "priority": "P1"
    },
    {
      "page": 56,
      "line": 22,
      "text": "DO.1.4 Technology 2. Availability of resources skilled in the P2",
      "domain": "Data Operations",
      "priority": "P2"
    },
    {
      "page": 57,
      "line": 15,
      "text": "DO.2.1 Retention 2. Retention periods of data based on its type, P1",
      "domain": "Data Operations",
      "priority": "P1"
    },
    {
      "page": 58,
      "line": 16,
      "text": "DO.3.1 P2",
      "domain": "Data Operations",
      "priority": "P2"
    },
    {
      "page": 58,
      "line": 28,
      "text": "DO.3.2 Access P2",
      "domain": "Data Operations",
      "priority": "P2"
    },
    {
      "page": 58,
      "line": 39,
      "text": "DO.3.3 Configuration 1. Configuration identification - identification and P2",
      "domain": "Data Operations",
      "priority": "P2"
    },
    {
      "page": 59,
      "line": 10,
      "text": "DO.3.4 P3",
      "domain": "Data Operations",
      "priority": "P3"
    },
    {
      "page": 59,
      "line": 22,
      "text": "DO.3.5 limited to) the following: P2",
      "domain": "Data Operations",
      "priority": "P2"
    },
    {
      "page": 60,
      "line": 17,
      "text": "DO.4.1 P2",
      "domain": "Data Operations",
      "priority": "P2"
    },
    {
      "page": 60,
      "line": 32,
      "text": "DO.4.2 P2",
      "domain": "Data Operations",
      "priority": "P2"
    },
    {
      "page": 61,
      "line": 12,
      "text": "DO.4.3 Data Access 1. Change request initiating the process P2",
      "domain": "Data Operations",
      "priority": "P2"
    },
    {
      "page": 62,
      "line": 15,
      "text": "DO.5.1 P2",
      "domain": "Data Operations",
      "priority": "P2"
    },
    {
      "page": 65,
      "line": 22,
      "text": "DCM.1.1 milestones for implementation of Documents P1",
      "domain": "Document and Content Management",
      "priority": "P1"
    },
    {
      "page": 66,
      "line": 11,
      "text": "DCM.1.2 Digitization P1",
      "domain": "Document and Content Management",
      "priority": "P1"
    },
    {
      "page": 66,
      "line": 25,
      "text": "DCM.1.3 Entity's DMS. The result of the prioritization shall P1",
      "domain": "Document and Content Management",
      "priority": "P1"
    },
    {
      "page": 66,
      "line": 32,
      "text": "DCM.1.4 Workflows management of documents within the Entity. The P1",
      "domain": "Document and Content Management",
      "priority": "P1"
    },
    {
      "page": 67,
      "line": 18,
      "text": "DCM.2.1 P1",
      "domain": "Document and Content Management",
      "priority": "P1"
    },
    {
      "page": 68,
      "line": 15,
      "text": "DCM.3.1 minimum, the following: P2",
      "domain": "Document and Content Management",
      "priority": "P2"
    },
    {
      "page": 69,
      "line": 12,
      "text": "DCM.4.1 P3",
      "domain": "Document and Content Management",
      "priority": "P3"
    },
    {
      "page": 69,
      "line": 19,
      "text": "DCM.4.2 and shall include (but not limited to) the following: P2",
      "domain": "Document and Content Management",
      "priority": "P2"
    },
    {
      "page": 69,
      "line": 29,
      "text": "DCM.4.3 P2",
      "domain": "Document and Content Management",
      "priority": "P2"
    },
    {
      "page": 69,
      "line": 41,
      "text": "DCM.4.4 Data Catalog automated tool. The population of P3",
      "domain": "Document and Content Management",
      "priority": "P3"
    },
    {
      "page": 70,
      "line": 14,
      "text": "DCM.4.5 and Content - Indexing of documents P3",
      "domain": "Document and Content Management",
      "priority": "P3"
    },
    {
      "page": 71,
      "line": 17,
      "text": "DCM.5.1 Management managed within the Entity's Document P2",
      "domain": "Document and Content Management",
      "priority": "P2"
    },
    {
      "page": 74,
      "line": 22,
      "text": "and P1",
      "domain": "Data Architecture and Modeling",
      "priority": "P1"
    },
    {
      "page": 75,
      "line": 18,
      "text": "and 2. Target Data Architecture shall be P1",
      "domain": "Data Architecture and Modeling",
      "priority": "P1"
    },
    {
      "page": 76,
      "line": 27,
      "text": "P1",
      "domain": "Data Architecture and Modeling",
      "priority": "P1"
    },
    {
      "page": 77,
      "line": 20,
      "text": "DAM.3.2 relationships P2",
      "domain": "Data Architecture and Modeling",
      "priority": "P2"
    },
    {
      "page": 77,
      "line": 41,
      "text": "DAM.3.3 Gap P2",
      "domain": "Data Architecture and Modeling",
      "priority": "P2"
    },
    {
      "page": 77,
      "line": 48,
      "text": "DAM.3.4 requirements for developing a Data Lake P2",
      "domain": "Data Architecture and Modeling",
      "priority": "P2"
    },
    {
      "page": 78,
      "line": 19,
      "text": "DAM.3.5 Processing P2",
      "domain": "Data Architecture and Modeling",
      "priority": "P2"
    },
    {
      "page": 79,
      "line": 13,
      "text": "DAM.4.1 P2",
      "domain": "Data Architecture and Modeling",
      "priority": "P2"
    },
    {
      "page": 79,
      "line": 25,
      "text": "DAM.4.2 along with data flow diagramming P2",
      "domain": "Data Architecture and Modeling",
      "priority": "P2"
    },
    {
      "page": 81,
      "line": 16,
      "text": "DAM.5.1 P2",
      "domain": "Data Architecture and Modeling",
      "priority": "P2"
    },
    {
      "page": 81,
      "line": 30,
      "text": "DAM.5.2 Architecture P2",
      "domain": "Data Architecture and Modeling",
      "priority": "P2"
    },
    {
      "page": 83,
      "line": 16,
      "text": "DAM.6.1 KPIs shall include, at minimum, metrics to track P2",
      "domain": "Data Architecture and Modeling",
      "priority": "P2"
    },
    {
      "page": 84,
      "line": 10,
      "text": "DAM.7.1 P2",
      "domain": "Data Architecture and Modeling",
      "priority": "P2"
    },
    {
      "page": 87,
      "line": 21,
      "text": "DSI.1.1 Integration P1",
      "domain": "Data Sharing and Interoperability",
      "priority": "P1"
    },
    {
      "page": 87,
      "line": 36,
      "text": "DSI.1.2 Integration At minimum, the Target Data Integration P1",
      "domain": "Data Sharing and Interoperability",
      "priority": "P1"
    },
    {
      "page": 88,
      "line": 20,
      "text": "DSI.1.3 Integration milestones for the implementation of the P1",
      "domain": "Data Sharing and Interoperability",
      "priority": "P1"
    },
    {
      "page": 89,
      "line": 16,
      "text": "DSI.2.1 P2",
      "domain": "Data Sharing and Interoperability",
      "priority": "P2"
    },
    {
      "page": 90,
      "line": 17,
      "text": "DSI.3.1 Requirements 2. Entity's Business goals and objectives to be P1",
      "domain": "Data Sharing and Interoperability",
      "priority": "P1"
    },
    {
      "page": 90,
      "line": 33,
      "text": "DSI.3.2 Design 2. Target Data Integration Architecture P1",
      "domain": "Data Sharing and Interoperability",
      "priority": "P1"
    },
    {
      "page": 91,
      "line": 22,
      "text": "DSI.3.3 Solution resolve any Data Quality issues or bugs P2",
      "domain": "Data Sharing and Interoperability",
      "priority": "P2"
    },
    {
      "page": 91,
      "line": 37,
      "text": "DSI.3.4 and following: P3",
      "domain": "Data Sharing and Interoperability",
      "priority": "P3"
    },
    {
      "page": 93,
      "line": 19,
      "text": "ETL Process physical data store on disk or in a memory P2",
      "domain": "Data Sharing and Interoperability",
      "priority": "P2"
    },
    {
      "page": 93,
      "line": 36,
      "text": "DSI.4.2 ELT Process P2",
      "domain": "Data Sharing and Interoperability",
      "priority": "P2"
    },
    {
      "page": 95,
      "line": 21,
      "text": "P1",
      "domain": "Data Sharing and Interoperability",
      "priority": "P1"
    },
    {
      "page": 96,
      "line": 15,
      "text": "DSI.6.1 submission and the reception of Data Sharing P1",
      "domain": "Data Sharing and Interoperability",
      "priority": "P1"
    },
    {
      "page": 97,
      "line": 11,
      "text": "DSI.7.1 Sharing P2",
      "domain": "Data Sharing and Interoperability",
      "priority": "P2"
    },
    {
      "page": 97,
      "line": 24,
      "text": "DSI.7.2 Data Sharing P1",
      "domain": "Data Sharing and Interoperability",
      "priority": "P1"
    },
    {
      "page": 97,
      "line": 37,
      "text": "DSI.7.3 Agreements' and its outcome documented by the Data P2",
      "domain": "Data Sharing and Interoperability",
      "priority": "P2"
    },
    {
      "page": 99,
      "line": 23,
      "text": "DSI.8.1 3. The number of Data Sharing requests P2",
      "domain": "Data Sharing and Interoperability",
      "priority": "P2"
    },
    {
      "page": 102,
      "line": 23,
      "text": "RMD.1.1 Master Data P1",
      "domain": "Reference and Master Data Management",
      "priority": "P1"
    },
    {
      "page": 102,
      "line": 40,
      "text": "RMD.1.2 Identification P1",
      "domain": "Reference and Master Data Management",
      "priority": "P1"
    },
    {
      "page": 103,
      "line": 15,
      "text": "RMD.1.3 Data managed by other Entities across P1",
      "domain": "Reference and Master Data Management",
      "priority": "P1"
    },
    {
      "page": 103,
      "line": 29,
      "text": "RMD.1.4 P1",
      "domain": "Reference and Master Data Management",
      "priority": "P1"
    },
    {
      "page": 104,
      "line": 25,
      "text": "RMD.2.1 Master Data Records from different data P1",
      "domain": "Reference and Master Data Management",
      "priority": "P1"
    },
    {
      "page": 104,
      "line": 41,
      "text": "RMD.2.2 Master Data Hub architecture design to P1",
      "domain": "Reference and Master Data Management",
      "priority": "P1"
    },
    {
      "page": 105,
      "line": 45,
      "text": "RMD.2.3 Conceptual P1",
      "domain": "Reference and Master Data Management",
      "priority": "P1"
    },
    {
      "page": 106,
      "line": 28,
      "text": "RMD.2.4 Information 3. Reference and Master Data Sources - P2",
      "domain": "Reference and Master Data Management",
      "priority": "P2"
    },
    {
      "page": 106,
      "line": 47,
      "text": "RMD.2.5 P2",
      "domain": "Reference and Master Data Management",
      "priority": "P2"
    },
    {
      "page": 108,
      "line": 21,
      "text": "RMD.3.1 systems containing Master Data P2",
      "domain": "Reference and Master Data Management",
      "priority": "P2"
    },
    {
      "page": 109,
      "line": 14,
      "text": "RMD.4.1 Stewardship Stewards to all identified Reference and Master P1",
      "domain": "Reference and Master Data Management",
      "priority": "P1"
    },
    {
      "page": 109,
      "line": 22,
      "text": "RMD.4.2 P2",
      "domain": "Reference and Master Data Management",
      "priority": "P2"
    },
    {
      "page": 109,
      "line": 36,
      "text": "RMD.4.3 P2",
      "domain": "Reference and Master Data Management",
      "priority": "P2"
    },
    {
      "page": 110,
      "line": 14,
      "text": "RMD.4.4 system and application implemented requiring P2",
      "domain": "Reference and Master Data Management",
      "priority": "P2"
    },
    {
      "page": 111,
      "line": 12,
      "text": "RMD.5.1 Level Management Process to effectively balance time P2",
      "domain": "Reference and Master Data Management",
      "priority": "P2"
    },
    {
      "page": 111,
      "line": 20,
      "text": "RMD.5.2 Program 1. Number of incorrect data values in the P2",
      "domain": "Reference and Master Data Management",
      "priority": "P2"
    },
    {
      "page": 112,
      "line": 13,
      "text": "RMD.6.1 P2",
      "domain": "Reference and Master Data Management",
      "priority": "P2"
    },
    {
      "page": 112,
      "line": 17,
      "text": "RMD.6.2 Planning Statement of Architecture Work documents for P2",
      "domain": "Reference and Master Data Management",
      "priority": "P2"
    },
    {
      "page": 115,
      "line": 20,
      "text": "BIA.1.1 1. Roadmap with the activities and key P1",
      "domain": "Business Intelligence and Analytics",
      "priority": "P1"
    },
    {
      "page": 115,
      "line": 37,
      "text": "BIA.1.2 P1",
      "domain": "Business Intelligence and Analytics",
      "priority": "P1"
    },
    {
      "page": 116,
      "line": 16,
      "text": "BIA.1.3 Analytics Use 4. Stakeholders involved in the implementation P1",
      "domain": "Business Intelligence and Analytics",
      "priority": "P1"
    },
    {
      "page": 116,
      "line": 37,
      "text": "BIA.1.4 Case P1",
      "domain": "Business Intelligence and Analytics",
      "priority": "P1"
    },
    {
      "page": 118,
      "line": 18,
      "text": "BIA.2.1 and required for the analysis P2",
      "domain": "Business Intelligence and Analytics",
      "priority": "P2"
    },
    {
      "page": 118,
      "line": 35,
      "text": "BIA.2.2 and P2",
      "domain": "Business Intelligence and Analytics",
      "priority": "P2"
    },
    {
      "page": 120,
      "line": 19,
      "text": "BIA.3.1 1. Analytics Use Case functional and non- P2",
      "domain": "Business Intelligence and Analytics",
      "priority": "P2"
    },
    {
      "page": 120,
      "line": 31,
      "text": "BIA.3.2 P2",
      "domain": "Business Intelligence and Analytics",
      "priority": "P2"
    },
    {
      "page": 121,
      "line": 19,
      "text": "BIA.4.1 2. Number of use cases piloted P2",
      "domain": "Business Intelligence and Analytics",
      "priority": "P2"
    },
    {
      "page": 122,
      "line": 11,
      "text": "BIA.5.1 P3",
      "domain": "Business Intelligence and Analytics",
      "priority": "P3"
    },
    {
      "page": 125,
      "line": 20,
      "text": "Realization collection, enrichment, preparation, analysis, P1",
      "domain": "Data Value Realization",
      "priority": "P1"
    },
    {
      "page": 125,
      "line": 36,
      "text": "Realization potential and drive data-related cost optimization P1",
      "domain": "Data Value Realization",
      "priority": "P1"
    },
    {
      "page": 127,
      "line": 16,
      "text": "Scheme document an appropriate Pricing Scheme Model P2",
      "domain": "Data Value Realization",
      "priority": "P2"
    },
    {
      "page": 127,
      "line": 26,
      "text": "DVR.2.2 1. Data Collection Cost - Cost incurred for P2",
      "domain": "Data Value Realization",
      "priority": "P2"
    },
    {
      "page": 127,
      "line": 40,
      "text": "DVR.2.3 Model P2",
      "domain": "Data Value Realization",
      "priority": "P2"
    },
    {
      "page": 128,
      "line": 8,
      "text": "DVR.2.4 1. Description of Data or Data Product P2",
      "domain": "Data Value Realization",
      "priority": "P2"
    },
    {
      "page": 129,
      "line": 16,
      "text": "DVR.3.1 P3",
      "domain": "Data Value Realization",
      "priority": "P3"
    },
    {
      "page": 130,
      "line": 20,
      "text": "DVR.4.1 Realization revenue P2",
      "domain": "Data Value Realization",
      "priority": "P2"
    },
    {
      "page": 133,
      "line": 18,
      "text": "OD.1.1 P1",
      "domain": "Open Data",
      "priority": "P1"
    },
    {
      "page": 134,
      "line": 13,
      "text": "OD.2.1 include, at minimum, the following: P2",
      "domain": "Open Data",
      "priority": "P2"
    },
    {
      "page": 135,
      "line": 17,
      "text": "OD.3.1 published and maintained to their P1",
      "domain": "Open Data",
      "priority": "P1"
    },
    {
      "page": 135,
      "line": 34,
      "text": "OD.3.2 P1",
      "domain": "Open Data",
      "priority": "P1"
    },
    {
      "page": 136,
      "line": 6,
      "text": "OD.3.3 P1",
      "domain": "Open Data",
      "priority": "P1"
    },
    {
      "page": 136,
      "line": 11,
      "text": "OD.3.4 P2",
      "domain": "Open Data",
      "priority": "P2"
    },
    {
      "page": 136,
      "line": 20,
      "text": "OD.3.5 P1",
      "domain": "Open Data",
      "priority": "P1"
    },
    {
      "page": 136,
      "line": 33,
      "text": "OD.3.6 P3",
      "domain": "Open Data",
      "priority": "P3"
    },
    {
      "page": 138,
      "line": 15,
      "text": "OD.4.1 Dataset P2",
      "domain": "Open Data",
      "priority": "P2"
    },
    {
      "page": 139,
      "line": 11,
      "text": "OD.5.1 with a log of open data activities conducted and P2",
      "domain": "Open Data",
      "priority": "P2"
    },
    {
      "page": 142,
      "line": 22,
      "text": "FOI.1.1 FOI Plan maintaining the Entity's compliance with P1",
      "domain": "Freedom of Information",
      "priority": "P1"
    },
    {
      "page": 143,
      "line": 19,
      "text": "FOI.2.1 P2",
      "domain": "Freedom of Information",
      "priority": "P2"
    },
    {
      "page": 144,
      "line": 15,
      "text": "FOI.3.1 P1",
      "domain": "Freedom of Information",
      "priority": "P1"
    },
    {
      "page": 144,
      "line": 31,
      "text": "FOI.3.2 Process P1",
      "domain": "Freedom of Information",
      "priority": "P1"
    },
    {
      "page": 145,
      "line": 24,
      "text": "FOI.3.3 P3",
      "domain": "Freedom of Information",
      "priority": "P3"
    },
    {
      "page": 146,
      "line": 18,
      "text": "FOI.3.4 P1",
      "domain": "Freedom of Information",
      "priority": "P1"
    },
    {
      "page": 146,
      "line": 32,
      "text": "FOI.3.5 Fees P2",
      "domain": "Freedom of Information",
      "priority": "P2"
    },
    {
      "page": 147,
      "line": 9,
      "text": "FOI.3.6 should be taken with a notification to the P2",
      "domain": "Freedom of Information",
      "priority": "P2"
    },
    {
      "page": 148,
      "line": 19,
      "text": "FOI.4.1 FOI Register Records P3",
      "domain": "Freedom of Information",
      "priority": "P3"
    },
    {
      "page": 151,
      "line": 17,
      "text": "DC.1.1 Classification P1",
      "domain": "Data Classification",
      "priority": "P1"
    },
    {
      "page": 151,
      "line": 28,
      "text": "DC.1.2 Classification prioritization shall be a list of ranked datasets P1",
      "domain": "Data Classification",
      "priority": "P1"
    },
    {
      "page": 153,
      "line": 16,
      "text": "DC.3.1 Management Office's Data Classification P1",
      "domain": "Data Classification",
      "priority": "P1"
    },
    {
      "page": 153,
      "line": 32,
      "text": "DC.3.2 P1",
      "domain": "Data Classification",
      "priority": "P1"
    },
    {
      "page": 154,
      "line": 21,
      "text": "DC.3.3 for Low Impact negative impacts P1",
      "domain": "Data Classification",
      "priority": "P1"
    },
    {
      "page": 154,
      "line": 35,
      "text": "DC.3.4 Classification most appropriate ones as part of the Data P2",
      "domain": "Data Classification",
      "priority": "P2"
    },
    {
      "page": 154,
      "line": 42,
      "text": "DC.3.5 Classification metadata registered within the Data Catalog P2",
      "domain": "Data Classification",
      "priority": "P2"
    },
    {
      "page": 156,
      "line": 18,
      "text": "DC.4.1 Classificatio P2",
      "domain": "Data Classification",
      "priority": "P2"
    },
    {
      "page": 157,
      "line": 20,
      "text": "DC.5.1 P2",
      "domain": "Data Classification",
      "priority": "P2"
    },
    {
      "page": 160,
      "line": 21,
      "text": "PDP.1.1 Protection P1",
      "domain": "Personal Data Protection",
      "priority": "P1"
    },
    {
      "page": 160,
      "line": 39,
      "text": "PDP.1.2 Protection Regulations. The plan shall include, P1",
      "domain": "Personal Data Protection",
      "priority": "P1"
    },
    {
      "page": 162,
      "line": 21,
      "text": "PDP.2.1 P1",
      "domain": "Personal Data Protection",
      "priority": "P1"
    },
    {
      "page": 163,
      "line": 14,
      "text": "PDP.3.1 National Data Management Office's Personal P2",
      "domain": "Personal Data Protection",
      "priority": "P2"
    },
    {
      "page": 163,
      "line": 31,
      "text": "PDP.3.2 Management Controller with the Regulatory Authority P1",
      "domain": "Personal Data Protection",
      "priority": "P1"
    },
    {
      "page": 165,
      "line": 24,
      "text": "PDP.4.1 P2",
      "domain": "Personal Data Protection",
      "priority": "P2"
    },
    {
      "page": 165,
      "line": 41,
      "text": "PDP.4.2 P2",
      "domain": "Personal Data Protection",
      "priority": "P2"
    },
    {
      "page": 166,
      "line": 23,
      "text": "PDP.4.3 P3",
      "domain": "Personal Data Protection",
      "priority": "P3"
    },
    {
      "page": 166,
      "line": 37,
      "text": "PDP.4.4 Monitoring with a notification to the Regulatory Authority P2",
      "domain": "Personal Data Protection",
      "priority": "P2"
    },
    {
      "page": 168,
      "line": 15,
      "text": "PDP.5.1 P2",
      "domain": "Personal Data Protection",
      "priority": "P2"
    }
  ]
}