{
  "form_type": "audit_checklist",
  "control_id": "BIA.1",
  "spec_id": "",
  "created_date": "2025-11-22 10:08:23",
  "data": {
    "control_id": "BIA.1",
    "control_name": "Business Intelligence and Analytics Plan",
    "domain": "Business Intelligence & Analytics",
    "audit_date": "2025-11-22",
    "auditor_name": "kjhhkj",
    "auditor_title": "kjhlkh",
    "entity_name": "ewtertr",
    "audit_type": "Internal",
    "audit_scope": "Full",
    "findings": "retreter",
    "recommendations": "fgerge",
    "reviewed_by": "hlkhll",
    "reviewed_date": "2025-11-22",
    "approved_by": "lhiilhl",
    "approved_date": "2025-11-22",
    "checklist_0": "Yes",
    "checklist_notes_0": "",
    "checklist_1": "Yes",
    "checklist_notes_1": "",
    "checklist_2": "Yes",
    "checklist_notes_2": "",
    "checklist_3": "Yes",
    "checklist_notes_3": "",
    "checklist_4": "Yes",
    "checklist_notes_4": "",
    "checklist_5": "Yes",
    "checklist_notes_5": "",
    "checklist_6": "Yes",
    "checklist_notes_6": "",
    "checklist_7": "Yes",
    "checklist_notes_7": "",
    "checklist_8": "Yes",
    "checklist_notes_8": "",
    "checklist_9": "Yes",
    "checklist_notes_9": ""
  }
}