{
  "form_type": "compliance_report",
  "control_id": "BIA.1",
  "spec_id": "",
  "created_date": "2025-11-22 10:07:31",
  "data": {
    "control_id": "BIA.1",
    "control_name": "Business Intelligence and Analytics Plan",
    "domain": "Business Intelligence & Analytics",
    "report_date": "2025-11-22",
    "entity_name": "test",
    "report_period_from": "2025-11-22",
    "report_period_to": "2025-11-22",
    "prepared_by": "test",
    "overall_status": "Compliant",
    "overall_score": 50,
    "compliant_count": 5,
    "partially_compliant": 3,
    "non_compliant": 4,
    "not_applicable": 2,
    "total_specs": 4,
    "key_findings": "test",
    "recommendations": "tedt",
    "action_items": "test",
    "reviewed_by": "test",
    "reviewed_date": "2025-11-22",
    "approved_by": "tetsd",
    "approved_date": "2025-11-22"
  }
}