{
  "form_type": "compliance_report",
  "control_id": "DQ.2",
  "spec_id": "",
  "created_date": "2025-11-23 00:29:16",
  "data": {
    "control_id": "DQ.2",
    "control_name": "Data Quality Rules Development",
    "domain": "Data Quality",
    "report_date": "2025-11-23",
    "entity_name": "jkbbjjkjb",
    "report_period_from": "2025-11-23",
    "report_period_to": "2025-11-23",
    "prepared_by": "j,bkjjhk",
    "overall_status": "Partially Compliant",
    "overall_score": 40,
    "compliant_count": 2,
    "partially_compliant": 2,
    "non_compliant": 2,
    "not_applicable": 2,
    "total_specs": 5,
    "key_findings": "test",
    "recommendations": "test",
    "action_items": "test",
    "reviewed_by": "test",
    "reviewed_date": "2025-11-23",
    "approved_by": "test",
    "approved_date": "2025-11-23"
  }
}