{
  "Cover": {
    "header_row": null,
    "columns": [
      "Col_0",
      "Col_1",
      "Col_2",
      "Col_3",
      "Col_4",
      "Col_5",
      "Col_6",
      "Col_7",
      "Col_8",
      "Col_9",
      "Col_10",
      "Col_11"
    ],
    "row_count": 20,
    "sample_data": [
      {
        "0": NaN,
        "1": NaN,
        "2": NaN,
        "3": NaN,
        "4": NaN,
        "5": NaN,
        "6": NaN,
        "7": NaN,
        "8": NaN,
        "9": NaN,
        "10": NaN,
        "11": NaN
      },
      {
        "0": NaN,
        "1": NaN,
        "2": NaN,
        "3": NaN,
        "4": NaN,
        "5": NaN,
        "6": NaN,
        "7": NaN,
        "8": NaN,
        "9": NaN,
        "10": NaN,
        "11": NaN
      },
      {
        "0": NaN,
        "1": NaN,
        "2": NaN,
        "3": NaN,
        "4": NaN,
        "5": NaN,
        "6": NaN,
        "7": NaN,
        "8": NaN,
        "9": NaN,
        "10": NaN,
        "11": NaN
      },
      {
        "0": NaN,
        "1": NaN,
        "2": NaN,
        "3": NaN,
        "4": NaN,
        "5": NaN,
        "6": NaN,
        "7": NaN,
        "8": NaN,
        "9": NaN,
        "10": NaN,
        "11": NaN
      },
      {
        "0": NaN,
        "1": NaN,
        "2": NaN,
        "3": NaN,
        "4": NaN,
        "5": NaN,
        "6": NaN,
        "7": NaN,
        "8": NaN,
        "9": NaN,
        "10": NaN,
        "11": NaN
      }
    ]
  },
  "Priority Items": {
    "header_row": 3,
    "columns": [
      "Domain Name",
      "Domain ID",
      "NDI Q#",
      "Maturity Level",
      "Level No.",
      "Evidence",
      "Acceptance Criteria",
      "Priority",
      "NDMO Specifications",
      "NDI ID",
      "Meets NDMO criteria?",
      "Meets NDI Criteria?",
      "Compliance Validation Flag",
      "Comments",
      "Evidence Document Name",
      "Current Stakeholders",
      "Order"
    ],
    "row_count": 477,
    "sample_data": [
      {
        "Domain Name": NaN,
        "Domain ID": NaN,
        "NDI Q#": NaN,
        "Maturity Level": NaN,
        "Level No.": NaN,
        "Evidence": NaN,
        "Acceptance Criteria": NaN,
        "Priority": NaN,
        "NDMO Specifications": NaN,
        "NDI ID": NaN,
        "Meets NDMO criteria?": NaN,
        "Meets NDI Criteria?": NaN,
        "Compliance Validation Flag": NaN,
        "Comments": NaN,
        "Evidence Document Name": NaN,
        "Current Stakeholders": NaN,
        "Order": NaN
      },
      {
        "Domain Name": NaN,
        "Domain ID": NaN,
        "NDI Q#": NaN,
        "Maturity Level": NaN,
        "Level No.": NaN,
        "Evidence": NaN,
        "Acceptance Criteria": NaN,
        "Priority": NaN,
        "NDMO Specifications": NaN,
        "NDI ID": NaN,
        "Meets NDMO criteria?": NaN,
        "Meets NDI Criteria?": NaN,
        "Compliance Validation Flag": NaN,
        "Comments": NaN,
        "Evidence Document Name": NaN,
        "Current Stakeholders": NaN,
        "Order": NaN
      },
      {
        "Domain Name": NaN,
        "Domain ID": NaN,
        "NDI Q#": NaN,
        "Maturity Level": NaN,
        "Level No.": NaN,
        "Evidence": NaN,
        "Acceptance Criteria": NaN,
        "Priority": NaN,
        "NDMO Specifications": NaN,
        "NDI ID": NaN,
        "Meets NDMO criteria?": NaN,
        "Meets NDI Criteria?": NaN,
        "Compliance Validation Flag": NaN,
        "Comments": NaN,
        "Evidence Document Name": NaN,
        "Current Stakeholders": NaN,
        "Order": NaN
      },
      {
        "Domain Name": NaN,
        "Domain ID": NaN,
        "NDI Q#": NaN,
        "Maturity Level": NaN,
        "Level No.": NaN,
        "Evidence": NaN,
        "Acceptance Criteria": NaN,
        "Priority": NaN,
        "NDMO Specifications": NaN,
        "NDI ID": NaN,
        "Meets NDMO criteria?": NaN,
        "Meets NDI Criteria?": NaN,
        "Compliance Validation Flag": 1.0,
        "Comments": NaN,
        "Evidence Document Name": NaN,
        "Current Stakeholders": NaN,
        "Order": NaN
      },
      {
        "Domain Name": NaN,
        "Domain ID": NaN,
        "NDI Q#": NaN,
        "Maturity Level": NaN,
        "Level No.": NaN,
        "Evidence": NaN,
        "Acceptance Criteria": NaN,
        "Priority": NaN,
        "NDMO Specifications": NaN,
        "NDI ID": NaN,
        "Meets NDMO criteria?": NaN,
        "Meets NDI Criteria?": NaN,
        "Compliance Validation Flag": NaN,
        "Comments": NaN,
        "Evidence Document Name": NaN,
        "Current Stakeholders": NaN,
        "Order": NaN
      }
    ]
  },
  "Master": {
    "header_row": 3,
    "columns": [
      "Domain Name",
      "Domain ID",
      "NDI Q#",
      "Maturity Level",
      "Level No.",
      "Evidence",
      "Acceptance Criteria",
      "Priority",
      "NDMO Specifications",
      "NDI ID",
      "Meets NDMO criteria?",
      "Meets NDI Criteria?",
      "Compliance Validation Flag",
      "Comments",
      "Evidence Document Name",
      "Current Stakeholders"
    ],
    "row_count": 478,
    "sample_data": [
      {
        "Domain Name": "Data Governance",
        "Domain ID": "DG",
        "NDI Q#": "DG.MQ.1",
        "Maturity Level": "Establishing",
        "Level No.": 1,
        "Evidence": "Existing data-related practices.",
        "Acceptance Criteria": "Attach a report showing current data practices.",
        "Priority": NaN,
        "NDMO Specifications": NaN,
        "NDI ID": "DG.M.1",
        "Meets NDMO criteria?": NaN,
        "Meets NDI Criteria?": "Yes",
        "Compliance Validation Flag": NaN,
        "Comments": NaN,
        "Evidence Document Name": "SANS-CYB-DM-PL-02-SANS-Data Strategic Requirements and Data- Ver.1.0 Mar 2024",
        "Current Stakeholders": "Data Governance & Protection"
      },
      {
        "Domain Name": "Data Governance",
        "Domain ID": "DG",
        "NDI Q#": "DG.MQ.1",
        "Maturity Level": "Defined",
        "Level No.": 2,
        "Evidence": "The approved DM & PDP Strategy.",
        "Acceptance Criteria": "Attach the Data Management and Personal Data Protection (DM & PDP) Strategy which must be approved & includes the following, as a minimum:\n • Current challenges in DM.\n• The Strategic requirements including: Internal requirements emanating from the Entity's business strategy and external requirements emanating from the National Strategy for DM & PDP.\n• The DM & PDP Vision, Mission, and Strategic Objectives.\n• Strategic and operational performance indicators with targets extending from 3 to 5 years over the strategy’s implementation duration.\n• The financial budget required to implement the strategy divided according to identified initiatives.",
        "Priority": "P1",
        "NDMO Specifications": "DG.1.1",
        "NDI ID": "DG.C.1.1",
        "Meets NDMO criteria?": "Yes",
        "Meets NDI Criteria?": "Yes",
        "Compliance Validation Flag": NaN,
        "Comments": "An approved data management strategy & roadmap in place, The initiatives must align with NDMO controls for effective strategy execution and compliance monitoring.",
        "Evidence Document Name": "SANS-CYB-DM-PL-02-SANS-Data Strategic Requirements and Data- Ver.1.0 Mar 2024",
        "Current Stakeholders": "Data Governance & Protection"
      },
      {
        "Domain Name": "Data Governance",
        "Domain ID": "DG",
        "NDI Q#": "DG.MQ.1",
        "Maturity Level": "Defined",
        "Level No.": 2,
        "Evidence": "The DM guiding principles.",
        "Acceptance Criteria": "Attach a copy of the DM & PDP program guidelines, which may be a part of the Entity's DM & PDP Strategy doc or a separate doc. The guidelines must refer to the principles underlying the culture of DM & Data processing, to enable and spread a unified DM & PDP concept within the Entity itself.",
        "Priority": "P1",
        "NDMO Specifications": "DG.1.2",
        "NDI ID": "DG.C.1.2",
        "Meets NDMO criteria?": "Yes",
        "Meets NDI Criteria?": "Yes",
        "Compliance Validation Flag": NaN,
        "Comments": NaN,
        "Evidence Document Name": "SANS-CYB-DM-PL-03-Data Strategy Mandate - Ver.1.0 Mar 2024, Page # 31",
        "Current Stakeholders": "Data Governance & Protection"
      },
      {
        "Domain Name": "Data Governance",
        "Domain ID": "DG",
        "NDI Q#": "DG.MQ.1",
        "Maturity Level": "Defined",
        "Level No.": 2,
        "Evidence": "Data Strategy Approval Decision letter.",
        "Acceptance Criteria": "Attach a copy of the entity-specific data strategy approval decision by the entity’s Data \nManagement Committee or the entity’s authority holder",
        "Priority": "P1",
        "NDMO Specifications": "DG.1.4",
        "NDI ID": "DG.C.1.4.1",
        "Meets NDMO criteria?": "Yes",
        "Meets NDI Criteria?": "Yes",
        "Compliance Validation Flag": 1.0,
        "Comments": NaN,
        "Evidence Document Name": "SANS-CYB-DM-PL-03-Data Strategy Mandate - Ver.1.0 Mar 2024, Page # 2\n\nStrategy and Requirements Socialization",
        "Current Stakeholders": "Data Governance & Protection"
      },
      {
        "Domain Name": "Data Governance",
        "Domain ID": "DG",
        "NDI Q#": "DG.MQ.1",
        "Maturity Level": "Activated",
        "Level No.": 3,
        "Evidence": "- All level 2 acceptance evidence requirements including: - The developed DM & PDP implementation plan.",
        "Acceptance Criteria": "Attach the implementation plan which must include, as a minimum:\n• Identified initiatives that covers all the DM domains.\n• A prioritized list of DM initiatives with descriptions.\n• A three-year Implementation roadmap to close the gaps identified between the current state and target state.",
        "Priority": "P1",
        "NDMO Specifications": "DG.1.3",
        "NDI ID": "DG.C.1.3",
        "Meets NDMO criteria?": "Yes",
        "Meets NDI Criteria?": "Yes",
        "Compliance Validation Flag": NaN,
        "Comments": "Roadmap needs to be updated to reflect current status",
        "Evidence Document Name": "SANS-CYB-DM-PL-01-SANS-Data Strategy Roadmap & Investment Plan- Ver.1.0 Mar 2024",
        "Current Stakeholders": "Data Governance & Protection"
      }
    ]
  },
  "Maturity Questions Overview": {
    "header_row": 3,
    "columns": [
      "Unnamed: 0",
      "Unnamed: 1",
      "Unnamed: 2",
      "Unnamed: 3",
      "Level 0",
      "Level 1",
      "Level 2",
      "Level 3",
      "Level 4",
      "Level 5",
      "Unnamed: 10"
    ],
    "row_count": 43,
    "sample_data": [
      {
        "Unnamed: 0": NaN,
        "Unnamed: 1": NaN,
        "Unnamed: 2": NaN,
        "Unnamed: 3": NaN,
        "Level 0": "Absence of Capabilities",
        "Level 1": "Establishing",
        "Level 2": "Defined",
        "Level 3": "Activated",
        "Level 4": "Managed",
        "Level 5": "Pioneer",
        "Unnamed: 10": NaN
      },
      {
        "Unnamed: 0": NaN,
        "Unnamed: 1": "Data Governance",
        "Unnamed: 2": "DG.MQ.1",
        "Unnamed: 3": "Has the Entity established & implemented a Data Management & Personal Data Protection (DM & PDP) Strategy and a DM & PDP Plan with Key Performance Indicators (KPIs) that can be continuously measured to ensure optimization?",
        "Level 0": "No Data Management & Personal Data Protection (DM & PDP) strategy is in place.",
        "Level 1": "The Entity has existing DM practices that are not formalized (not approved).",
        "Level 2": "• A cross-Entity DM & PDP strategy is defined for all DM Domains.\n\n• DM Guiding principles have been developed.",
        "Level 3": "• The Entity developed a DM & PDP plan based on the defined DM & PDP strategy.\n\n• The Entity is implementing this DM & PDP plan which covers all DM Domains.",
        "Level 4": "The Entity is monitoring the DM & PDP strategy & plan implementation across all DM Domains with the pre-defined KPIs.",
        "Level 5": "• The DM & PDP strategy is periodically updated, improved and optimized across all DM Domains.\n\n• The DM & PDP implementation plan is periodically reviewed and updated based on both the changes to the DM & PDP strategy and the changing business requirements.",
        "Unnamed: 10": 2.0
      },
      {
        "Unnamed: 0": NaN,
        "Unnamed: 1": NaN,
        "Unnamed: 2": "DG.MQ.2",
        "Unnamed: 3": "Has the Entity established and implemented Data Management (DM) Policies, Standards and Guidelines across all Data Management (DM) Domains?",
        "Level 0": "No Data Management (DM) Policies, Standards or Guidelines are in place.",
        "Level 1": "• The Entity has existing DM-related policies and standards that are not formalized.\n\n• The Entity conducted a gap analysis to identify the required DM and PDP policies to be developed",
        "Level 2": "The Entity developed policies, standards and guidelines for all DM Domains.",
        "Level 3": "The Entity is implementing the developed DM and PDP policies with defined processes and standards to establish governance, uniformity and manage compliance across the Entity.",
        "Level 4": "• The DM and PDP policies, standards and processes are tracked and measured based on the pre-defined KPIs.\n\n• Periodic monitoring is conducted on the Entity's compliance with the Regulations published by NDMO-SDAIA.",
        "Level 5": "The DM and PDP policies, standards, DG processes and compliance with regulations are continuously reviewed and optimized.",
        "Unnamed: 10": 1.0
      },
      {
        "Unnamed: 0": NaN,
        "Unnamed: 1": NaN,
        "Unnamed: 2": "DG.MQ.3",
        "Unnamed: 3": "Has the Entity established and operationalized all roles required for the Data Management Organization as per the NDMO Controls & Specifications?",
        "Level 0": "No formal/approved Data Management Organization structure is in place.",
        "Level 1": "The Entity established a Data Management Office with one or two roles only.",
        "Level 2": "The Entity \"Data Management & Data Governance Committee\" (An internal executive committee) is established with a total of six roles (out of the DM Office roles) assigned & operationalized for the Data Management Organization.",
        "Level 3": "• All DM roles are established as per the DM and PDP Standards and fully adopted across the Entity.\n\n• Data Stewardship / Ownership defined across the Entity, in addition to providing business and technical support for critical Data systems & critical Data elements.",
        "Level 4": "• The Data Management Organization & the structure are fully established and operationalized.\n\n• The roles are tracked through pre-defined KPIs, periodically updated and optimized.",
        "Level 5": "Data Management Organization (& its structure) and Data stewardship (& its structure) (Data owners, business and technical stewards) are periodically reviewed and updated.",
        "Unnamed: 10": 0.0
      },
      {
        "Unnamed: 0": NaN,
        "Unnamed: 1": NaN,
        "Unnamed: 2": "DG.MQ.4",
        "Unnamed: 3": "Has the Entity established and implemented practices for Change Management including awareness, communication, change control, and capability development?",
        "Level 0": "No formal Change Management practices are in place.",
        "Level 1": "• Awareness sessions, training courses and communication on DM-related practices are performed on a reactive and ad-hoc basis.\n\n• The Entity has change control practices that are not formalized.",
        "Level 2": "• The Entity has defined Change Management practices.\n\n• There is an Entity-wide awareness, training and communication plan.\n\n• Change control practices are established to ensure coordinated efforts in managing changes on Data systems (implemented within the Entity).",
        "Level 3": "• The Entity is implementing the defined Change Management practices for all DM Domains.\n\n• Formal communication channels are established and adopted for DM issues management, escalations, resolutions & approvals.\n\n• A Version control mechanism is defined and implemented for DM documents and artifacts that the Entity published.\n\n• The DM & PDP Strategy is being socialized and awareness is conducted across the Entity.",
        "Level 4": "The Entity is monitoring the progress and the effectiveness of the Change Management practices with pre-defined KPIs.",
        "Level 5": "Change Management practices for all DM Domains are periodically reviewed, and continuously updated, optimized & developed.",
        "Unnamed: 10": 0.0
      }
    ]
  },
  "NDMO Specs. Overview": {
    "header_row": 0,
    "columns": [
      "Domain",
      "ID",
      "Specification",
      "Description",
      "Priority",
      "Compliance Level",
      "Unnamed: 6"
    ],
    "row_count": 193,
    "sample_data": [
      {
        "Domain": NaN,
        "ID": NaN,
        "Specification": NaN,
        "Description": NaN,
        "Priority": NaN,
        "Compliance Level": NaN,
        "Unnamed: 6": NaN
      },
      {
        "Domain": NaN,
        "ID": NaN,
        "Specification": NaN,
        "Description": NaN,
        "Priority": NaN,
        "Compliance Level": NaN,
        "Unnamed: 6": NaN
      },
      {
        "Domain": "Data Governance ",
        "ID": "DG.1.1",
        "Specification": "Data Management and Personal Data Protection Strategy",
        "Description": "The Entity shall establish a Data Management and Personal Data Protection Strategy to align Entity data initiatives and relevant stakeholders to achieving its business goals, in alignment with the overall program strategy. The Strategy shall cover all domains and reflect:\n1. Current data management challenges\n2. Strategic requirements covering internal requirements derived from the Entity's business strategy as well as external requirements derived from the National Data Management Agenda\n3. Data Management and Personal Data Protection Vision, Mission and Strategic Goals and Objectives\n4. Strategic and Operational performance metrics with targets across the 3 to 5 years strategy duration\n5. Required financial budget for the implementation of the strategy, broken down by initiatives.",
        "Priority": "P1",
        "Compliance Level": "Fully Compliant",
        "Unnamed: 6": "Yes"
      },
      {
        "Domain": NaN,
        "ID": "DG.1.2",
        "Specification": "Guiding Principles",
        "Description": "The Entity shall adopt the National Data Management and Personal Data Protection Program's Guiding Principles to affirm alignment of the Entity's Data Management and Personal Data Protection Strategy to the National Data Management and Personal Data Protection agendas. The Entity may, at its discretion, include additional Entity-level guiding principles to augment the core set of NDMO Guiding Principles.\nAdoption of the National Data Management and Personal Data Protection Program's Guiding Principles shall be articulated either in the Data Management and Personal Data Protection Strategy or as a standalone document.\nThe guiding principles establish a data-centric culture where all stakeholders are unified in understanding what is most important for the Entity's Data Management and Personal Data Protection agendas.",
        "Priority": "P1",
        "Compliance Level": "Fully Compliant",
        "Unnamed: 6": "Yes"
      },
      {
        "Domain": NaN,
        "ID": "DG.1.3",
        "Specification": "Data Management and Personal Data Protection Plan",
        "Description": "Based on the Entity’s defined Data Management and Personal Data Protection Strategy, the Entity shall develop a Data Management and Personal Data Protection Plan with a 3-year implementation roadmap. The implementation roadmap shall include, at minimum, the following:\n1. Initiatives that cover all the Data Management Domains defined in these standards and in alignment with the National Data Management and Personal Data Protection Framework\n2. Prioritization of the list of initiatives based on a prioritization framework such as, at minimum, Impact versus Ease of Implementation\n3. Highlight of the initiatives that are Quick Wins and planned to be implemented within the first 6 months, and the mid to long term initiatives that are planned throughout the 3-year period.",
        "Priority": "P1",
        "Compliance Level": "Fully Compliant",
        "Unnamed: 6": "Yes"
      }
    ]
  },
  "Hiden - Duplicated Specs": {
    "header_row": null,
    "columns": [
      "Col_0",
      "Col_1",
      "Col_2",
      "Col_3"
    ],
    "row_count": 203,
    "sample_data": [
      {
        "0": NaN,
        "1": NaN,
        "2": NaN,
        "3": NaN
      },
      {
        "0": NaN,
        "1": NaN,
        "2": NaN,
        "3": NaN
      },
      {
        "0": NaN,
        "1": NaN,
        "2": NaN,
        "3": NaN
      },
      {
        "0": NaN,
        "1": NaN,
        "2": NaN,
        "3": NaN
      },
      {
        "0": NaN,
        "1": NaN,
        "2": "Row Labels",
        "3": "Count of NDMO Specifications"
      }
    ]
  },
  "Calculation": {
    "header_row": 2,
    "columns": [
      "Unnamed: 0",
      "NDI ID",
      0,
      1,
      2,
      3,
      4,
      5,
      "Total",
      "Unnamed: 9",
      "NDI ID.1",
      "0.1",
      "1.1",
      "2.1",
      "3.1",
      "4.1",
      "5.1",
      "Total.1",
      "Unnamed: 18",
      "NDI ID.2",
      "0.2",
      "1.2",
      "2.2",
      "3.2",
      "4.2",
      "5.2",
      "Level",
      "Unnamed: 27",
      "Domain Name",
      "Domain ID",
      "Weight",
      "new wightage",
      "Unnamed: 32",
      "Unnamed: 33",
      "Unnamed: 34",
      "Unnamed: 35",
      "Unnamed: 36",
      "Unnamed: 37",
      "P1",
      "P2",
      "P3",
      "Unnamed: 41",
      "Unnamed: 42",
      "Unnamed: 43",
      "Unnamed: 44",
      "P1.1",
      "P2.1",
      "P3.1",
      "P1.2",
      "P2.2",
      "P3.2",
      "P1.3",
      "P2.3",
      "P3.3",
      "Unnamed: 54",
      "Unnamed: 55",
      "Unnamed: 56",
      "Unnamed: 57",
      "Unnamed: 58",
      "Unnamed: 59",
      "Unnamed: 60",
      "Unnamed: 61",
      0.675392670157068,
      0.11518324607329843,
      0.2094240837696335,
      "0.2094240837696335.1"
    ],
    "row_count": 132,
    "sample_data": [
      {
        "Unnamed: 0": NaN,
        "NDI ID": "DG.MQ.1",
        "0": NaN,
        "1": 1.0,
        "2": 3.0,
        "3": 2.0,
        "4": 1.0,
        "5": 2.0,
        "Total": 9.0,
        "Unnamed: 9": NaN,
        "NDI ID.1": "DG.MQ.1",
        "0.1": NaN,
        "1.1": 1.0,
        "2.1": 3.0,
        "3.1": 1.0,
        "4.1": 0.0,
        "5.1": 0.0,
        "Total.1": 5.0,
        "Unnamed: 18": NaN,
        "NDI ID.2": "DG.MQ.1",
        "0.2": NaN,
        "1.2": 1.0,
        "2.2": 1.0,
        "3.2": 0.5,
        "4.2": 0.0,
        "5.2": 0.0,
        "Level": 2.0,
        "Unnamed: 27": NaN,
        "Domain Name": "Data Quality",
        "Domain ID": "DQ",
        "Weight": 0.1193,
        "new wightage": 0.13358571428571428,
        "Unnamed: 32": NaN,
        "Unnamed: 33": NaN,
        "Unnamed: 34": NaN,
        "Unnamed: 35": NaN,
        "Unnamed: 36": "Data Governance",
        "Unnamed: 37": "DG",
        "P1": 18.0,
        "P2": 9.0,
        "P3": 1.0,
        "Unnamed: 41": 28.0,
        "Unnamed: 42": NaN,
        "Unnamed: 43": "Data Governance",
        "Unnamed: 44": "DG",
        "P1.1": 0,
        "P2.1": 3,
        "P3.1": 0,
        "P1.2": 6,
        "P2.2": 4,
        "P3.2": 1,
        "P1.3": 12,
        "P2.3": 2,
        "P3.3": 0,
        "Unnamed: 54": NaN,
        "Unnamed: 55": "Data Governance",
        "Unnamed: 56": "DG",
        "Unnamed: 57": 0.11,
        "Unnamed: 58": 0.39,
        "Unnamed: 59": 0.5,
        "Unnamed: 60": 0.5,
        "Unnamed: 61": NaN,
        "0.675392670157068": NaN,
        "0.11518324607329843": NaN,
        "0.2094240837696335": NaN,
        "0.2094240837696335.1": NaN
      },
      {
        "Unnamed: 0": NaN,
        "NDI ID": "DG.MQ.2",
        "0": NaN,
        "1": 1.0,
        "2": 1.0,
        "3": 3.0,
        "4": 3.0,
        "5": 1.0,
        "Total": 9.0,
        "Unnamed: 9": NaN,
        "NDI ID.1": "DG.MQ.2",
        "0.1": NaN,
        "1.1": 1.0,
        "2.1": 0.0,
        "3.1": 0.0,
        "4.1": 2.0,
        "5.1": 0.0,
        "Total.1": 3.0,
        "Unnamed: 18": NaN,
        "NDI ID.2": "DG.MQ.2",
        "0.2": NaN,
        "1.2": 1.0,
        "2.2": 0.0,
        "3.2": 0.0,
        "4.2": 0.6666666666666666,
        "5.2": 0.0,
        "Level": 1.0,
        "Unnamed: 27": NaN,
        "Domain Name": "Data Governance",
        "Domain ID": "DG",
        "Weight": 0.1175,
        "new wightage": 0.13178571428571428,
        "Unnamed: 32": NaN,
        "Unnamed: 33": NaN,
        "Unnamed: 34": NaN,
        "Unnamed: 35": NaN,
        "Unnamed: 36": "Data Catalog & Metadata",
        "Unnamed: 37": "MCM",
        "P1": 5.0,
        "P2": 13.0,
        "P3": 2.0,
        "Unnamed: 41": 20.0,
        "Unnamed: 42": NaN,
        "Unnamed: 43": "Data Catalog & Metadata",
        "Unnamed: 44": "MCM",
        "P1.1": 4,
        "P2.1": 13,
        "P3.1": 2,
        "P1.2": 0,
        "P2.2": 0,
        "P3.2": 0,
        "P1.3": 1,
        "P2.3": 0,
        "P3.3": 0,
        "Unnamed: 54": NaN,
        "Unnamed: 55": "Data Catalog & Metadata",
        "Unnamed: 56": "MCM",
        "Unnamed: 57": 0.95,
        "Unnamed: 58": 0,
        "Unnamed: 59": 0.05,
        "Unnamed: 60": 0.05,
        "Unnamed: 61": NaN,
        "0.675392670157068": NaN,
        "0.11518324607329843": NaN,
        "0.2094240837696335": NaN,
        "0.2094240837696335.1": NaN
      },
      {
        "Unnamed: 0": NaN,
        "NDI ID": "DG.MQ.3",
        "0": NaN,
        "1": 3.0,
        "2": 4.0,
        "3": 6.0,
        "4": 1.0,
        "5": 1.0,
        "Total": 15.0,
        "Unnamed: 9": NaN,
        "NDI ID.1": "DG.MQ.3",
        "0.1": NaN,
        "1.1": 2.0,
        "2.1": 4.0,
        "3.1": 1.0,
        "4.1": 0.0,
        "5.1": 0.0,
        "Total.1": 7.0,
        "Unnamed: 18": NaN,
        "NDI ID.2": "DG.MQ.3",
        "0.2": NaN,
        "1.2": 0.6666666666666666,
        "2.2": 1.0,
        "3.2": 0.16666666666666666,
        "4.2": 0.0,
        "5.2": 0.0,
        "Level": 0.0,
        "Unnamed: 27": NaN,
        "Domain Name": "Data Catalog & Metadata Management",
        "Domain ID": "MCM",
        "Weight": 0.1088,
        "new wightage": 0.12308571428571428,
        "Unnamed: 32": NaN,
        "Unnamed: 33": NaN,
        "Unnamed: 34": NaN,
        "Unnamed: 35": NaN,
        "Unnamed: 36": "Data Quality",
        "Unnamed: 37": "DQ",
        "P1": 3.0,
        "P2": 8.0,
        "P3": 2.0,
        "Unnamed: 41": 13.0,
        "Unnamed: 42": NaN,
        "Unnamed: 43": "Data Quality",
        "Unnamed: 44": "DQ",
        "P1.1": 2,
        "P2.1": 8,
        "P3.1": 2,
        "P1.2": 0,
        "P2.2": 0,
        "P3.2": 0,
        "P1.3": 1,
        "P2.3": 0,
        "P3.3": 0,
        "Unnamed: 54": NaN,
        "Unnamed: 55": "Data Quality",
        "Unnamed: 56": "DQ",
        "Unnamed: 57": 0.92,
        "Unnamed: 58": 0,
        "Unnamed: 59": 0.08,
        "Unnamed: 60": 0.08,
        "Unnamed: 61": NaN,
        "0.675392670157068": NaN,
        "0.11518324607329843": NaN,
        "0.2094240837696335": NaN,
        "0.2094240837696335.1": NaN
      },
      {
        "Unnamed: 0": NaN,
        "NDI ID": "DG.MQ.4",
        "0": NaN,
        "1": 2.0,
        "2": 1.0,
        "3": 6.0,
        "4": 1.0,
        "5": 1.0,
        "Total": 11.0,
        "Unnamed: 9": NaN,
        "NDI ID.1": "DG.MQ.4",
        "0.1": NaN,
        "1.1": 1.0,
        "2.1": 0.0,
        "3.1": 2.0,
        "4.1": 0.0,
        "5.1": 0.0,
        "Total.1": 3.0,
        "Unnamed: 18": NaN,
        "NDI ID.2": "DG.MQ.4",
        "0.2": NaN,
        "1.2": 0.5,
        "2.2": 0.0,
        "3.2": 0.3333333333333333,
        "4.2": 0.0,
        "5.2": 0.0,
        "Level": 0.0,
        "Unnamed: 27": NaN,
        "Domain Name": "Personal Data Protection",
        "Domain ID": "PDP",
        "Weight": 0.093,
        "new wightage": 0.10728571428571429,
        "Unnamed: 32": NaN,
        "Unnamed: 33": NaN,
        "Unnamed: 34": NaN,
        "Unnamed: 35": NaN,
        "Unnamed: 36": "Data Operations",
        "Unnamed: 37": "DO",
        "P1": 3.0,
        "P2": 10.0,
        "P3": 1.0,
        "Unnamed: 41": 14.0,
        "Unnamed: 42": NaN,
        "Unnamed: 43": "Data Operations",
        "Unnamed: 44": "DO",
        "P1.1": 1,
        "P2.1": 10,
        "P3.1": 1,
        "P1.2": 1,
        "P2.2": 0,
        "P3.2": 0,
        "P1.3": 1,
        "P2.3": 0,
        "P3.3": 0,
        "Unnamed: 54": NaN,
        "Unnamed: 55": "Data Operations",
        "Unnamed: 56": "DO",
        "Unnamed: 57": 0.86,
        "Unnamed: 58": 0.07,
        "Unnamed: 59": 0.07,
        "Unnamed: 60": 0.07,
        "Unnamed: 61": NaN,
        "0.675392670157068": NaN,
        "0.11518324607329843": NaN,
        "0.2094240837696335": NaN,
        "0.2094240837696335.1": NaN
      },
      {
        "Unnamed: 0": NaN,
        "NDI ID": "DC.MQ.1",
        "0": NaN,
        "1": 1.0,
        "2": 1.0,
        "3": 1.0,
        "4": 1.0,
        "5": 1.0,
        "Total": 5.0,
        "Unnamed: 9": NaN,
        "NDI ID.1": "DC.MQ.1",
        "0.1": NaN,
        "1.1": 1.0,
        "2.1": 1.0,
        "3.1": 0.0,
        "4.1": 0.0,
        "5.1": 0.0,
        "Total.1": 2.0,
        "Unnamed: 18": NaN,
        "NDI ID.2": "DC.MQ.1",
        "0.2": NaN,
        "1.2": 1.0,
        "2.2": 1.0,
        "3.2": 0.0,
        "4.2": 0.0,
        "5.2": 0.0,
        "Level": 2.0,
        "Unnamed: 27": NaN,
        "Domain Name": "Reference & Master Data Management",
        "Domain ID": "RMD",
        "Weight": 0.093,
        "new wightage": 0.093,
        "Unnamed: 32": NaN,
        "Unnamed: 33": NaN,
        "Unnamed: 34": NaN,
        "Unnamed: 35": NaN,
        "Unnamed: 36": "Document & Content Management",
        "Unnamed: 37": "DCM",
        "P1": 5.0,
        "P2": 4.0,
        "P3": 3.0,
        "Unnamed: 41": 12.0,
        "Unnamed: 42": NaN,
        "Unnamed: 43": "Document & Content Management",
        "Unnamed: 44": "DCM",
        "P1.1": 2,
        "P2.1": 4,
        "P3.1": 3,
        "P1.2": 0,
        "P2.2": 0,
        "P3.2": 0,
        "P1.3": 3,
        "P2.3": 0,
        "P3.3": 0,
        "Unnamed: 54": NaN,
        "Unnamed: 55": "Document & Content Management",
        "Unnamed: 56": "DCM",
        "Unnamed: 57": 0.75,
        "Unnamed: 58": 0,
        "Unnamed: 59": 0.25,
        "Unnamed: 60": 0.25,
        "Unnamed: 61": NaN,
        "0.675392670157068": NaN,
        "0.11518324607329843": NaN,
        "0.2094240837696335": NaN,
        "0.2094240837696335.1": NaN
      }
    ]
  },
  "Hiden- Spec": {
    "header_row": 0,
    "columns": [
      "Speci",
      "Compliance",
      "Spec iD"
    ],
    "row_count": 202,
    "sample_data": [
      {
        "Speci": "DG.1.1",
        "Compliance": "Fully Compliant",
        "Spec iD": "DG.1.1"
      },
      {
        "Speci": "DG.1.2",
        "Compliance": "Fully Compliant",
        "Spec iD": "DG.1.2"
      },
      {
        "Speci": "DG.1.3",
        "Compliance": "Fully Compliant",
        "Spec iD": "DG.1.3"
      },
      {
        "Speci": "DG.1.4",
        "Compliance": "Fully Compliant",
        "Spec iD": "DG.1.4"
      },
      {
        "Speci": "DG.2.1",
        "Compliance": "Fully Compliant",
        "Spec iD": "DG.2.1"
      }
    ]
  }
}